algorithm,endpoint,count,avg_total_time,min_total_time,max_total_time,stdev_total_time
round_robin,/file-request,3,0.9749053319295248,0.8195211887359619,1.2092392444610596,0.2065062718137801
least_connections,/file-request,2,0.6072536706924438,0.5781798362731934,0.6363275051116943,0.041116610945893736
ip_hash,/file-request,2,0.8010973930358887,0.7918155193328857,0.8103792667388916,0.013126551675020925
random,/file-request,2,0.6675268411636353,0.5380520820617676,0.7970016002655029,0.1831049603068506
power_of_two,/file-request,2,0.835271954536438,0.8206353187561035,0.8499085903167725,0.02069932882806432
